{
  "0": {
    "Agility": 10,
    "ArcaneDef": 2,
    "Control": 6,
    "Defense": 3,
    "Name": "Sura",
    "Strength": 5,
    "Vitality": 425,
    "Wisdom": 10,
    "modAgility": 1.1399999856948853,
    "modArcaneDef": 1.184999942779541,
    "modControl": 1.184999942779541,
    "modDefense": 1.1399999856948853,
    "modStrength": 1.1399999856948853,
    "modVitality": 1.149999976158142,
    "modWisdom": 1.1200000047683716
  },
  "1": {
    "Agility": 3,
    "ArcaneDef": 4,
    "Control": 10,
    "Defense": 3,
    "Name": "Kiran",
    "Strength": 10,
    "Vitality": 100,
    "Wisdom": 20,
    "modAgility": 1.100000023841858,
    "modArcaneDef": 1.2200000286102295,
    "modControl": 1.100000023841858,
    "modDefense": 1.2200000286102295,
    "modStrength": 1.100000023841858,
    "modVitality": 1.149999976158142,
    "modWisdom": 1.1699999570846558
  },
  "2": {
    "Agility": 13,
    "ArcaneDef": 5,
    "Control": 3,
    "Defense": 1,
    "Name": "Nathan",
    "Strength": 2,
    "Vitality": 400,
    "Wisdom": 10,
    "modAgility": 1.1399999856948853,
    "modArcaneDef": 1.1299999952316284,
    "modControl": 1.1399999856948853,
    "modDefense": 1.1299999952316284,
    "modStrength": 1.1299999952316284,
    "modVitality": 1.149999976158142,
    "modWisdom": 1.1100000143051147
  },
  "3": {
    "Agility": 5,
    "ArcaneDef": 6,
    "Control": 21,
    "Defense": 7,
    "Name": "Iqniq",
    "Strength": 40,
    "Vitality": 0,
    "Wisdom": 30,
    "modAgility": 1.100000023841858,
    "modArcaneDef": 1.1699999570846558,
    "modControl": 1.1299999952316284,
    "modDefense": 1.1699999570846558,
    "modStrength": 1.100000023841858,
    "modVitality": 1.149999976158142,
    "modWisdom": 1.059999942779541
  },
  "Characters": 4
}
